{
  "baseline_statistics": {
    "mean": -0.7647193901054561,
    "std": 2.3309327340250605,
    "median": -0.43648144602775574,
    "min": -4.710780143737793,
    "max": 4.24296760559082,
    "count": 200
  },
  "superjective_statistics": {
    "mean": -0.7252308530919254,
    "std": 2.3082648107812367,
    "median": -0.47171956300735474,
    "min": -4.622282981872559,
    "max": 4.160770416259766,
    "count": 200
  },
  "difference": {
    "absolute": 0.03948853701353072,
    "relative_pct": 5.163794396279815
  },
  "statistical_significance": {
    "t_statistic": 0.6369763900211328,
    "p_value": 0.5248723078659049,
    "is_significant_p05": 