{
  "superjective": {
    "chosen": {
      "lexical": {
        "ttr": {
          "mean": 0.5807526172127595,
          "std": 0.12996169950226066
        },
        "unique_words": {
          "mean": 180.24221921515561,
          "std": 104.49950076449036
        },
        "total_words": {
          "mean": 360.4357239512855,
          "std": 287.6904480626331
        },
        "mean_word_length": {
          "mean": 5.058272901349469,
          "std": 0.5989397834358646
        }
      },
      "readability": {
        "avg_sentence_length": {
          "mean": 25.061433153964334,
          "std": 30.161686146490343
        },
        "avg_word_length": {
          "mean": 5.058272901349469,
          "std": 0.5989397834358646
        },
        "flesch_reading_ease_approx": {
          "mean": 95.81166785789318,
          "std": 35.81418689725711
        },
        "flesch_kincaid_grade_level": {
          "mean": 6.121482977230839,
          "std": 12.38452067839941
        }
      },
      "sentiment": {
        "positive_signals": {
          "mean": 1.1637347767253046,
          "std": 1.4608967587307964
        },
        "negative_signals": {
          "mean": 0.34776725304465494,
          "std": 0.6535256894331065
        },
        "hedging_signals": {
          "mean": 0.7956698240866035,
          "std": 0.908645993698004
        },
        "certainty_signals": {
          "mean": 0.45737483085250336,
          "std": 0.6615347996638147
        },
        "sentiment_balance": {
          "mean": 0.8159675236806495,
          "std": 1.5180339393089561
        },
        "positive_signals_per100": {
          "mean": 0.3826892803386757,
          "std": 0.6230950618479274
        },
        "negative_signals_per100": {
          "mean": 0.09332360251856828,
          "std": 0.20249682784916936
        },
        "hedging_signals_per100": {
          "mean": 0.27203280376746636,
          "std": 0.4931399327945715
        },
        "certainty_signals_per100": {
          "mean": 0.11928656388441977,
          "std": 0.2092973889476684
        }
      },
      "formatting": {
        "bullet_points": {
          "mean": 12.955345060893098,
          "std": 12.812244988030047
        },
        "numbered_lists": {
          "mean": 1.767253044654939,
          "std": 3.252971478826353
        },
        "bold_text": {
          "mean": 12.696887686062245,
          "std": 13.438080463803662
        },
        "paragraphs": {
          "mean": 9.875507442489852,
          "std": 6.9790471920365045
        },
        "code_blocks": {
          "mean": 0.02571041948579161,
          "std": 0.24542223434726254
        },
        "questions": {
          "mean": 1.837618403247632,
          "std": 5.11233936801818
        },
        "exclamations": {
          "mean": 0.9499323410013532,
          "std": 1.8558131965775562
        }
      }
    },
    "rejected": {
      "lexical": {
        "ttr": {
          "mean": 0.6112540521265304,
          "std": 0.13887109368795136
        },
        "unique_words": {
          "mean": 158.77266576454667,
          "std": 90.60049114511123
        },
        "total_words": {
          "mean": 300.7077131258457,
          "std": 231.1225733942676
        },
        "mean_word_length": {
          "mean": 5.073489460898041,
          "std": 0.6096662743316875
        }
      },
      "readability": {
        "avg_sentence_length": {
          "mean": 24.505772451169484,
          "std": 32.53145887433547
        },
        "avg_word_length": {
          "mean": 5.073489460898041,
          "std": 0.6096662743316875
        },
        "flesch_reading_ease_approx": {
          "mean": 96.11819928366812,
          "std": 36.32181907871294
        },
        "flesch_kincaid_grade_level": {
          "mean": 5.9406863836754775,
          "std": 13.023305866887418
        }
      },
      "sentiment": {
        "positive_signals": {
          "mean": 1.0419485791610283,
          "std": 1.3693432510401322
        },
        "negative_signals": {
          "mean": 0.2381596752368065,
          "std": 0.5177288504572978
        },
        "hedging_signals": {
          "mean": 0.7658998646820027,
          "std": 0.9539467738546785
        },
        "certainty_signals": {
          "mean": 0.46414073071718537,
          "std": 0.7150042150618164
        },
        "sentiment_balance": {
          "mean": 0.803788903924222,
          "std": 1.4192516424937691
        },
        "positive_signals_per100": {
          "mean": 0.3743114373432036,
          "std": 0.5931786994729933
        },
        "negative_signals_per100": {
          "mean": 0.13999786797538855,
          "std": 1.0711684715997287
        },
        "hedging_signals_per100": {
          "mean": 0.28219232546629663,
          "std": 0.42057172312360547
        },
        "certainty_signals_per100": {
          "mean": 0.14967551306268265,
          "std": 0.2846484614160259
        }
      },
      "formatting": {
        "bullet_points": {
          "mean": 11.480378890392423,
          "std": 13.160838363603466
        },
        "numbered_lists": {
          "mean": 1.9986468200270635,
          "std": 3.5594693783635054
        },
        "bold_text": {
          "mean": 10.798376184032476,
          "std": 13.101712954530944
        },
        "paragraphs": {
          "mean": 8.893098782138024,
          "std": 5.956376690557994
        },
        "code_blocks": {
          "mean": 0.009472259810554804,
          "std": 0.14215476034282976
        },
        "questions": {
          "mean": 1.6197564276048715,
          "std": 5.168886772643861
        },
        "exclamations": {
          "mean": 0.8064952638700947,
          "std": 1.5525651316892455
        }
      }
    },
    "overlap": {
      "trigram": {
        "mean": 0.04073140934310948,
        "std": 0.0539051480604094
      },
      "bigram": {
        "mean": 0.08578141894694115,
        "std": 0.064469314466694
      }
    },
    "differences": {
      "lexical": {
        "ttr": -0.030501434913770886,
        "unique_words": 21.46955345060894,
        "total_words": 59.72801082543981,
        "mean_word_length": -0.015216559548571595
      },
      "readability": {
        "avg_sentence_length": 0.5556607027948495,
        "avg_word_length": -0.015216559548571595,
        "flesch_reading_ease_approx": -0.306531425774935,
        "flesch_kincaid_grade_level": 0.18079659355536126
      },
      "sentiment": {
        "positive_signals": 0.12178619756427622,
        "negative_signals": 0.10960757780784844,
        "hedging_signals": 0.02976995940460081,
        "certainty_signals": -0.006765899864682012,
        "sentiment_balance": 0.012178619756427533,
        "positive_signals_per100": 0.008377842995472118,
        "negative_signals_per100": -0.04667426545682027,
        "hedging_signals_per100": -0.010159521698830276,
        "certainty_signals_per100": -0.030388949178262875
      },
      "formatting": {
        "bullet_points": 1.4749661705006751,
        "numbered_lists": -0.23139377537212447,
        "bold_text": 1.8985115020297698,
        "paragraphs": 0.9824086603518278,
        "code_blocks": 0.016238159675236806,
        "questions": 0.21786197564276044,
        "exclamations": 0.14343707713125842
      }
    }
  },
  "baseline": {
    "chosen": {
      "lexical": {
        "ttr": {
          "mean": 0.8592122148290553,
          "std": 0.12498944113795438
        },
        "unique_words": {
          "mean": 24.15,
          "std": 17.904398900828813
        },
        "total_words": {
          "mean": 31.16,
          "std": 28.350350967845177
        },
        "mean_word_length": {
          "mean": 3.9244728345781024,
          "std": 0.904259661624773
        }
      },
      "readability": {
        "avg_sentence_length": {
          "mean": 13.449319516594516,
          "std": 7.171923311059389
        },